{"cameraMode":{"drawMode":0,"name":"Shaded","section":"Shading Mode"},"sceneLighting":true,"audioPlay":false,"sceneViewState":{"m_AlwaysRefresh":false,"showFog":true,"showSkybox":true,"showFlares":true,"showImageEffects":true,"showParticleSystems":true,"showVisualEffectGraphs":true,"m_FxEnabled":true},"in2DMode":false,"pivot":{"x":-0.9879965782165527,"y":0.9137091040611267,"z":-0.22744083404541017},"rotation":{"x":-0.1013791561126709,"y":0.831637442111969,"z":-0.16166597604751588,"w":-0.5215128064155579},"size":1.1829549074172974,"orthographic":false}