{"cameraMode":{"drawMode":0,"name":"Shaded","section":"Shading Mode"},"sceneLighting":true,"audioPlay":false,"sceneViewState":{"m_AlwaysRefresh":false,"showFog":true,"showSkybox":true,"showFlares":true,"showImageEffects":true,"showParticleSystems":true,"showVisualEffectGraphs":true,"m_FxEnabled":true},"in2DMode":false,"pivot":{"x":-2.3523800373077394,"y":-0.15701079368591309,"z":-1.6001629829406739},"rotation":{"x":-0.09572252631187439,"y":0.8751193881034851,"z":-0.19339796900749207,"w":-0.4331429600715637},"size":2.5705063343048097,"orthographic":false}