{"cameraMode":{"drawMode":0,"name":"Shaded","section":"Shading Mode"},"sceneLighting":true,"audioPlay":false,"sceneViewState":{"m_AlwaysRefresh":false,"showFog":true,"showSkybox":true,"showFlares":true,"showImageEffects":true,"showParticleSystems":true,"showVisualEffectGraphs":true,"m_FxEnabled":false},"in2DMode":false,"pivot":{"x":4.5940656661987309,"y":4.7421159744262699,"z":3.2044496536254885},"rotation":{"x":0.16459272801876069,"y":-0.23713108897209168,"z":0.04080215469002724,"w":0.9565638899803162},"size":15.161759376525879,"orthographic":false}