{"cameraMode":{"drawMode":0,"name":"Shaded","section":"Shading Mode"},"sceneLighting":true,"audioPlay":false,"sceneViewState":{"m_AlwaysRefresh":false,"showFog":true,"showSkybox":true,"showFlares":true,"showImageEffects":true,"showParticleSystems":true,"showVisualEffectGraphs":true,"m_FxEnabled":true},"in2DMode":false,"pivot":{"x":-0.42051661014556887,"y":2.2288155555725099,"z":0.17128980159759522},"rotation":{"x":0.04700135439634323,"y":-0.8699640035629273,"z":0.08456215262413025,"w":0.4835392236709595},"size":2.750133514404297,"orthographic":false}