{"cameraMode":{"drawMode":0,"name":"Shaded","section":"Shading Mode"},"sceneLighting":true,"audioPlay":false,"sceneViewState":{"m_AlwaysRefresh":false,"showFog":true,"showSkybox":true,"showFlares":true,"showImageEffects":true,"showParticleSystems":true,"showVisualEffectGraphs":true,"m_FxEnabled":true},"in2DMode":false,"pivot":{"x":-2.8002774715423586,"y":0.22383475303649903,"z":1.6828417778015137},"rotation":{"x":-0.16142474114894868,"y":0.479498028755188,"z":-0.09022993594408035,"w":-0.8578442931175232},"size":4.979836463928223,"orthographic":false}