{"cameraMode":{"drawMode":0,"name":"Shaded","section":"Shading Mode"},"sceneLighting":true,"audioPlay":false,"sceneViewState":{"m_AlwaysRefresh":false,"showFog":true,"showSkybox":true,"showFlares":true,"showImageEffects":true,"showParticleSystems":true,"showVisualEffectGraphs":true,"m_FxEnabled":false},"in2DMode":false,"pivot":{"x":1.2241153717041016,"y":-0.03315401077270508,"z":3.2952356338500978},"rotation":{"x":0.2601238489151001,"y":-0.31020504236221316,"z":0.08866121619939804,"w":0.9100918769836426},"size":3.4935085773468019,"orthographic":false}